data/events_filtered/llama3.2_3b\20250411_175749.jsonl,"{CLASSIFICAÇÃO:'INTERESSANTE', JUSTIFICATIVA:'Logs indicando criação de arquivos e alteração de valores de registro por processos como svchost.exe e powershell.exe, combinação que pode sugerir comportamentos maliciosos, como persistência ou manipulação de configuração do sistema.'}"
data/events_filtered/llama3.2_3b\20250411_175806.jsonl,"{CLASSIFICAÇÃO:'INTERESSANTE', JUSTIFICATIVA:'Criação de entradas de registro com comandos suspeitos que podem indicar a persistência de malware no sistema.'}"
data/events_filtered/llama3.2_3b\20250411_175826.jsonl,"{CLASSIFICAÇÃO:'INTERESSANTE', JUSTIFICATIVA:'Há múltiplos eventos de criação e exclusão de arquivos relacionados ao PowerShell, que podem indicar atividades suspeitas, especialmente os comandos que manipulam timestamps. Além disso, as ações repetidas do Chrome envolvendo modificações de registro podem indicar comportamentos que merecem investigação adicional.'}"
data/events_filtered/llama3.2_3b\20250411_175855.jsonl,"{CLASSIFICAÇÃO:'INTERESSANTE', JUSTIFICATIVA:'A presença de comandos no \'cmd.exe\' que buscam por arquivos com a extensão .key e a criação de registros no sistema indicam um possível comportamento malicioso, possivelmente relacionado a atividades de coleta de informações ou comprometimento de dados.'}"
data/events_filtered/llama3.2_3b\20250411_175959.jsonl,"{CLASSIFICAÇÃO:'INTERESSANTE', JUSTIFICATIVA:'Os logs mostram atividade incomum e potencialmente maliciosa relacionada a várias instâncias de comandos executados pelo PowerShell, incluindo operações com gerenciamento de usuários e criação/deleção de arquivos temporários que podem estar relacionados a atividades de exploração ou coleta de informações.'}"
data/events_filtered/llama3.2_3b\20250411_180055.jsonl,"{CLASSIFICAÇÃO:'INTERESSANTE', JUSTIFICATIVA:'Os logs mostram múltiplas execuções do PowerShell com comandos de compressão, que podem indicar tentativas de coleta de dados ou manipulação de arquivos sensíveis. A presença de registros de criação e exclusão de arquivos temporários, juntamente com alterações de registro, levanta preocupações sobre atividades potencialmente maliciosas. Essas ações são frequentemente associadas a comportamentos de exploração ou preparação para execução de cargas maliciosas, justificando a classificação como interessante.'}"
data/events_filtered/llama3.2_3b\20250411_180121.jsonl,"{CLASSIFICAÇÃO:'INTERESSANTE', JUSTIFICATIVA:'Existem várias atividades suspeitas envolvendo o uso do PowerShell, como downloads de arquivos a partir de URLs externas e criação/exclusão de scripts temporários, o que pode indicar um comportamento malicioso. Além disso, as entradas relacionadas à manipulação de valores de registro e a exclusão de tarefas agendadas ('schtasks') indicam possível atividade maliciosa que busca persistência ou encobrimento de ações.'}"
data/events_filtered/llama3.2_3b\20250411_180202.jsonl,"{CLASSIFICAÇÃO:'NÃO INTERESSANTE', JUSTIFICATIVA:'Os eventos de log apresentados são comuns em ambientes de Windows e não indicam atividades anômalas ou maliciosas específicas.'}"
data/events_filtered/llama3.2_3b\20250411_180213.jsonl,"{CLASSIFICAÇÃO:'INTERESSANTE', JUSTIFICATIVA:'A execução de comandos envolvendo manipulação de arquivos do sistema, como a do cmd.exe para copiar e alterar permissões de sethc.exe, é um comportamento suspeito que pode indicar tentativas de atividade maliciosa, especialmente na manipulação do acesso ao sistema. Além disso, a repetição de tarefas de acesso ao registro e operações relacionadas a processos como PowerShell e Chrome, juntamente com a análise de carregamento de DLLs específicas, pode refletir atividade que demanda investigação mais aprofundada.'}"
data/events_filtered/llama3.2_3b\20250411_180224.jsonl,"{CLASSIFICAÇÃO:'INTERESSANTE', JUSTIFICATIVA:'O log contém comandos que criam tarefas agendadas para executar scripts PowerShell com bypass de execução, sugerindo comportamentos potencialmente maliciosos, além de processos relacionados à criação de arquivos e manipulação de registros, o que pode indicar tentativas de persistência ou outras atividades suspeitas.'}"
data/events_filtered/llama3.2_3b\20250411_180237.jsonl,"{CLASSIFICAÇÃO:'NÃO INTERESSANTE', JUSTIFICATIVA:'Os logs apresentados refletem ações comuns de processos e interações com arquivos e registro que não indicam atividades suspeitas ou maliciosas. Apesar da presença de processos conhecidos como winlogbeat e powershell, as ações realizadas são típicas em um ambiente de sistema e não apresentam elementos que indiquem comprometimento ou comportamento malicioso. Portanto, não são considerados interessantes para análise de segurança.'}"
data/events_filtered/llama3.2_3b\20250411_180254.jsonl,"{CLASSIFICAÇÃO:'NÃO INTERESSANTE', JUSTIFICATIVA:'A maioria dos logs refere-se a eventos comuns de aplicativos e ferramentas do sistema sem indicadores claros de atividades maliciosas ou anômalas. Os eventos de alteração no registro e acesso a arquivos são frequentes em situações normais de operação, e a repetição de registros similares para o mesmo processo sugere comportamento padrão sem anomalias evidentes.'}"
data/events_filtered/llama3.2_3b\20250411_180316.jsonl,"{CLASSIFICAÇÃO:'INTERESSANTE', JUSTIFICATIVA:'Os logs incluem múltiplas instâncias de criação de arquivos e exclusão de arquivos por processos do PowerShell, especificamente com scripts temporários e eventos que indicam manipulação intensa do sistema, o que sugere atividades suspeitas ou potencialmente maliciosas.'}"
data/events_filtered/llama3.2_3b\20250411_180502.jsonl,"{CLASSIFICAÇÃO:'INTERESSANTE', JUSTIFICATIVA:'Existem vários eventos relacionados ao PowerShell que indicam a criação e execução de scripts a partir de caminhos locais, incluindo a deleção de arquivos específicos e alteração de valores de registro, que são comportamentos comuns em atividades maliciosas.'}"
data/events_filtered/llama3.2_3b\20250411_180536.jsonl,"{CLASSIFICAÇÃO:'INTERESSANTE', JUSTIFICATIVA:'A presença de múltiplos eventos relacionados à criação de serviços e ao acesso a processos de comando pode indicar comportamentos de persistência e controle no sistema, o que é comumente observado em atividades de malware. Eventualmente, a criação de processos que envolvem comandos de serviço, juntamente com os registros modificados, poderia sugerir tentativas de comprometimento do sistema.'}"
data/events_filtered/llama3.2_3b\20250411_180602.jsonl,"{CLASSIFICAÇÃO:'INTERESSANTE', JUSTIFICATIVA:'Existem várias tentativas de manipular o registro e criar arquivos, além de atividades de processos como o uso de cmd.exe e attrib.exe, que podem indicar comportamentos que exigem mais investigação.'}"
data/events_filtered/llama3.2_3b\20250411_180623.jsonl,"{CLASSIFICAÇÃO:'NÃO INTERESSANTE', JUSTIFICATIVA:'Os logs apresentados, embora contenham diversas entradas relacionadas a processos e ações do PowerShell e outros executáveis, não demonstram comportamentos maliciosos claros nem ações incomuns que justifiquem uma classificação como 'interessante'. A maioria dos eventos está relacionada a operações normais de sistema e não indica uma potencial ameaça.'}"
data/events_filtered/llama3.2_3b\20250411_180641.jsonl,"{CLASSIFICAÇÃO:'INTERESSANTE', JUSTIFICATIVA:'Vários eventos indicam criação e execução de arquivos executáveis potencialmente maliciosos, especialmente no uso do csc.exe, que pode compilar código C#. A presença de processos como cmd.exe e alterações em valores de registro também são indicativos de comportamentos que podem ser exploratórios ou maliciosos.'}"
data/events_filtered/llama3.2_3b\20250411_180654.jsonl,"{CLASSIFICAÇÃO:'INTERESSANTE', JUSTIFICATIVA:'O log contém múltiplas instâncias de execução de scripts PowerShell conhecidos por sua capacidade de registrar teclas, o que indica comportamentos potencialmente maliciosos. Além disso, há evidências de criação e exclusão de arquivos temporários que podem estar relacionados a atividades de captura de teclas, assim como a execução de comandos remotos, que são típicas em ataques de malware.'}"
data/events_filtered/llama3.2_3b\20250411_180711.jsonl,"{CLASSIFICAÇÃO:'INTERESSANTE', JUSTIFICATIVA:'O log contém múltiplos eventos relacionados ao processo powershell.exe que indicam comportamentos suspeitos como criação de arquivos com dados sensíveis e tentativas de comunicação com um servidor remoto via Invoke-WebRequest. Isso sugere uma possível atividade de exfiltração de dados e execução de scripts maliciosos, o que é crítico para análise de segurança.'}"
data/events_filtered/llama3.2_3b\20250411_180823.jsonl,"{CLASSIFICAÇÃO:'INTERESSANTE', JUSTIFICATIVA:'Os logs apresentam atividades que indicam criação de tarefas agendadas por meio de schtasks com comandos que disparam o calc.exe, o que pode ser uma tentativa de execução maliciosa. Além disso, o uso repetido de comandos com powershell.exe e cmd.exe em conjunto com modificações no registro e criação de arquivos é indicativo de comportamento suspeito que merece investigação. A criação de tarefas de logon e a alteração de valores no registro são comportamentos frequentemente associados a técnicas de persistência maliciosa.'}"
data/events_filtered/llama3.2_3b\20250411_180856.jsonl,"{CLASSIFICAÇÃO:'INTERESSANTE', JUSTIFICATIVA:'O log contém eventos de processos como powershell.exe e wmic.exe que estão associados a operações críticas do sistema, como alteração de valores de registro e criação de arquivos. Além disso, a geração de logs de logon especial e conexões de rede detectadas indicam possíveis atividades que merecem maior investigação, dado que podem estar relacionadas a comportamentos maliciosos. Eventos repetidos e o uso de processos administrativos também acrescentam relevância à análise.'}"
data/events_filtered/llama3.2_3b\20250411_180927.jsonl,"{CLASSIFICAÇÃO:'INTERESSANTE', JUSTIFICATIVA:'Os logs mostram a criação de várias contas de usuário administrativas através de comandos executados no cmd.exe e net.exe, indicando possível tentativa de escalonamento de privilégios ou preparação para acesso não autorizado. Além disso, as várias entradas de 'Registry value set' sugerem atividades que podem ser relevantes para auditoria e investigação.'}"
data/events_filtered/llama3.2_3b\20250411_180952.jsonl,"{CLASSIFICAÇÃO:'INTERESSANTE', JUSTIFICATIVA:'O log contém eventos de criação de usuários e grupos no domínio, o que é uma atividade crítica e potencialmente maliciosa em um ambiente. Além disso, o acesso a processos e a modificação de valores de registro são indicadores de comportamentos suspeitos que devem ser investigados.'}"
data/events_filtered/llama3.2_3b\20250411_181019.jsonl,"{CLASSIFICAÇÃO:'INTERESSANTE', JUSTIFICATIVA:'O log com o processo cmd.exe criando um serviço (win32times) e apontando para scripts não existentes é um indicativo de atividade potencialmente maliciosa, pois demonstra tentativas de execução de scripts não validados. Isso pode ser um sinal de um ataque ou automação mal-intencionada. Além disso, a criação de um serviço através de sc.exe é uma técnica comum utilizada em ataques para persistência.'}"
data/events_filtered/llama3.2_3b\20250411_181050.jsonl,"{CLASSIFICAÇÃO:'INTERESSANTE', JUSTIFICATIVA:'A execução de cmd.exe para codificar e decodificar arquivos usando certutil é um comportamento que pode ser associado à ocultação de atividades maliciosas, especialmente no que diz respeito ao uso de calc.exe e à manipulação de arquivos temporários. Além disso, o uso repetido de certutil.exe e a criação de executáveis decodificados levantam bandeiras vermelhas que requerem atenção.'}"
data/events_filtered/llama3.2_3b\20250411_181122.jsonl,"{CLASSIFICAÇÃO:'INTERESSANTE', JUSTIFICATIVA:'O log contém várias atividades relacionadas ao PowerShell que indicam tentativas de busca e manipulação de informações sensíveis, como a busca por senhas em arquivos com a execução de findstr, a criação e manipulação de arquivos script temporários e a execução de comandos de deleção de tarefas agendadas e usuários, todos normalmente indicativos de comportamentos maliciosos ou de administração suspeita. Além disso, a repetição de execuções do whoami.exe sugere tentativas de verificação de permissões ou contexto do usuário.'}"
data/events_filtered/llama3.2_3b\20250411_181227.jsonl,"{CLASSIFICAÇÃO:'INTERESSANTE', JUSTIFICATIVA:'Os logs contêm várias ações associadas à criação de tarefas agendadas que são executadas com privilégios elevados (administradores) usando 'calc.exe', o que pode indicar comportamento potencialmente malicioso, como persistência em um sistema ou execução não autorizada de software. Além disso, a repetição dessa ação e a criação e exclusão de arquivos temporários relacionados ao PowerShell levantam bandeiras vermelhas.'}"
data/events_filtered/llama3.2_3b\20250411_181243.jsonl,"{CLASSIFICAÇÃO:'INTERESSANTE', JUSTIFICATIVA:'Há várias instâncias de execução do PowerShell com comandos que podem indicar exploração de privilégios e coleta de informações do sistema, como ""get-localuser"" e ""get-localgroupmember"", além de criação de arquivos temporários e outras atividades potencialmente maliciosas relacionadas ao gerenciamento de contas e grupos.'}"
data/events_filtered/llama3.2_3b\20250411_181301.jsonl,"{CLASSIFICAÇÃO:'INTERESSANTE', JUSTIFICATIVA:'O registro repetido de alterações de valores de registro por várias instâncias do chrome.exe pode indicar autenticação ou comportamento anômalo que requer investigação adicional, sugerindo uma possível atividade maliciosa ou exploração de vulnerabilidades.'}"
data/events_filtered/llama3.2_3b\20250411_181320.jsonl,"{CLASSIFICAÇÃO:'INTERESSANTE', JUSTIFICATIVA:'Os logs mostram múltiplas atividades envolvendo o processador PowerShell, incluindo criação de processos, acesso ao registro e criação de arquivos, o que pode indicar um comportamento potencialmente malicioso. Além disso, há registros de criação de arquivos por parte do winlogbeat, que podem ser relevantes para análise de tráfego de logs. As entradas de registro de eventos de gerenciamento de usuários também são indicativas de possíveis mudanças na conta do usuário, o que merece investigação.'}"
data/events_filtered/llama3.2_3b\20250411_181351.jsonl,"{CLASSIFICAÇÃO:'INTERESSANTE', JUSTIFICATIVA:'A análise dos logs revela várias instâncias do PowerShell executando scripts que fazem capturas de tela e salvam arquivos temporários, o que pode indicar comportamento relacionado a espionagem ou coleta de informações. Além disso, a criação e exclusão de scripts no diretório temporário são indícios de automação possivelmente maliciosa.'}"
